measure_id,measure_name,location_id,location_name,sex_id,sex_name,age_id,age_name,cause_id,cause_name,metric_id,metric_name,year,val,upper,lower
1,Deaths,44566,European Region,3,Both,22,All Ages,945,Conflict and terrorism,1,Number,1990,1557.1769591875795,1652.8986462454748,1460.572040698855
1,Deaths,44566,European Region,3,Both,22,All Ages,945,Conflict and terrorism,2,Percent,1990,0.00018246631960614428,0.0001938831552477532,0.0001712381436663959
1,Deaths,44567,Eastern Mediterranean Region,3,Both,22,All Ages,945,Conflict and terrorism,1,Number,1990,14296.348111993064,14863.86621662149,13787.802185984421
1,Deaths,44567,Eastern Mediterranean Region,3,Both,22,All Ages,945,Conflict and terrorism,2,Percent,1990,0.0044952799607949345,0.00469470682806557,0.004323192938896132
1,Deaths,44567,Eastern Mediterranean Region,3,Both,22,All Ages,945,Conflict and terrorism,1,Number,1992,10807.015219786392,11231.355378536116,10457.513583074804
1,Deaths,44567,Eastern Mediterranean Region,3,Both,22,All Ages,945,Conflict and terrorism,2,Percent,1992,0.0033925321533327018,0.003544967037596792,0.003261021982921572
1,Deaths,44565,South-East Asia Region,3,Both,22,All Ages,945,Conflict and terrorism,1,Number,1991,14565.603323939236,14737.169484618342,14390.077188973251
1,Deaths,44565,South-East Asia Region,3,Both,22,All Ages,945,Conflict and terrorism,2,Percent,1991,0.0011800191513032506,0.0012043204907148776,0.0011568737753330954
1,Deaths,44564,Region of the Americas,3,Both,22,All Ages,945,Conflict and terrorism,1,Number,1991,6078.000380169281,6313.566763273294,5859.019002800759
1,Deaths,44564,Region of the Americas,3,Both,22,All Ages,945,Conflict and terrorism,2,Percent,1991,0.0012019335311216149,0.0012482457699319524,0.0011594198215555925
1,Deaths,44566,European Region,3,Both,22,All Ages,945,Conflict and terrorism,1,Number,1992,23077.07767756124,23460.181959432328,22701.326165441347
1,Deaths,44566,European Region,3,Both,22,All Ages,945,Conflict and terrorism,2,Percent,1992,0.002609463546782578,0.0026537696502462434,0.002566081509157441
1,Deaths,44568,Western Pacific Region,3,Both,22,All Ages,945,Conflict and terrorism,1,Number,1995,1226.0000028301704,1260.6392216992826,1191.8796849561245
1,Deaths,44568,Western Pacific Region,3,Both,22,All Ages,945,Conflict and terrorism,2,Percent,1995,0.0001131896974096882,0.00011676172834805776,0.00010962255779227324
1,Deaths,44563,African Region,3,Both,22,All Ages,945,Conflict and terrorism,1,Number,1994,532538.1987569019,629142.2705209409,446657.935827167
1,Deaths,44563,African Region,3,Both,22,All Ages,945,Conflict and terrorism,2,Percent,1994,0.06705721591792317,0.07851477317034038,0.057136584006601814
1,Deaths,44564,Region of the Americas,3,Both,22,All Ages,945,Conflict and terrorism,1,Number,1993,1449.0000588125974,1489.5769997202176,1413.3133645396138
1,Deaths,44564,Region of the Americas,3,Both,22,All Ages,945,Conflict and terrorism,2,Percent,1993,0.0002768333463694049,0.00028515389456216513,0.0002696926613490223
1,Deaths,44568,Western Pacific Region,3,Both,22,All Ages,945,Conflict and terrorism,1,Number,1999,583.7687402218828,629.7565904048691,540.7403034800818
1,Deaths,44568,Western Pacific Region,3,Both,22,All Ages,945,Conflict and terrorism,2,Percent,1999,5.344553792360037e-05,5.7672969610742946e-05,4.934495687943006e-05
1,Deaths,44563,African Region,3,Both,22,All Ages,945,Conflict and terrorism,1,Number,1998,77604.50065689515,80948.65018760411,74278.35686786061
1,Deaths,44563,African Region,3,Both,22,All Ages,945,Conflict and terrorism,2,Percent,1998,0.009397859490670069,0.009854539081234324,0.008963346818853298
1,Deaths,44566,European Region,3,Both,22,All Ages,945,Conflict and terrorism,1,Number,1996,9651.712913289899,9779.074176248569,9530.573792313186
1,Deaths,44566,European Region,3,Both,22,All Ages,945,Conflict and terrorism,2,Percent,1996,0.0010370162164069726,0.00105080561218304,0.0010235857897411566
1,Deaths,44565,South-East Asia Region,3,Both,22,All Ages,945,Conflict and terrorism,1,Number,1993,4603.502921445354,4680.056979822156,4531.845346154923
1,Deaths,44565,South-East Asia Region,3,Both,22,All Ages,945,Conflict and terrorism,2,Percent,1993,0.000377396424140657,0.00038607928060992966,0.0003695263081994028
1,Deaths,44564,Region of the Americas,3,Both,22,All Ages,945,Conflict and terrorism,1,Number,1997,2412.999662586913,2555.16589968754,2278.371354228786
1,Deaths,44564,Region of the Americas,3,Both,22,All Ages,945,Conflict and terrorism,2,Percent,1997,0.0004519043752444303,0.0004786353541267262,0.00042653075721665586
1,Deaths,44567,Eastern Mediterranean Region,3,Both,22,All Ages,945,Conflict and terrorism,1,Number,1996,9964.101623194678,10642.472499801772,9439.940432165484
1,Deaths,44567,Eastern Mediterranean Region,3,Both,22,All Ages,945,Conflict and terrorism,2,Percent,1996,0.003000074377009085,0.003216571257928047,0.0028289258204542782
1,Deaths,44568,Western Pacific Region,3,Both,22,All Ages,945,Conflict and terrorism,1,Number,2003,1429.0386108783264,1509.690645482592,1346.7087967633865
1,Deaths,44568,Western Pacific Region,3,Both,22,All Ages,945,Conflict and terrorism,2,Percent,2003,0.00012682962349690944,0.00013416046453151975,0.00011934059472045808
1,Deaths,44565,South-East Asia Region,3,Both,22,All Ages,945,Conflict and terrorism,1,Number,1997,8686.670604762285,8869.587861858292,8519.667088396462
1,Deaths,44565,South-East Asia Region,3,Both,22,All Ages,945,Conflict and terrorism,2,Percent,1997,0.0006980024038873888,0.0007151828119142865,0.0006820734199230403
1,Deaths,44564,Region of the Americas,3,Both,22,All Ages,945,Conflict and terrorism,1,Number,2001,5463.997792621587,5848.862691296328,5136.169548466654
1,Deaths,44564,Region of the Americas,3,Both,22,All Ages,945,Conflict and terrorism,2,Percent,2001,0.0009889244408934374,0.0010580021893819734,0.0009285069755790547
1,Deaths,44567,Eastern Mediterranean Region,3,Both,22,All Ages,945,Conflict and terrorism,1,Number,2004,22128.45832738687,23704.669554726792,20723.312843003285
1,Deaths,44567,Eastern Mediterranean Region,3,Both,22,All Ages,945,Conflict and terrorism,2,Percent,2004,0.006382810540707271,0.006858670525361372,0.005952575888539935
1,Deaths,44566,European Region,3,Both,22,All Ages,945,Conflict and terrorism,1,Number,2004,3927.644601872196,3966.936439536045,3889.762270583496
1,Deaths,44566,European Region,3,Both,22,All Ages,945,Conflict and terrorism,2,Percent,2004,0.00042207695506798793,0.00042626465835728767,0.00041791090871891816
1,Deaths,44567,Eastern Mediterranean Region,3,Both,22,All Ages,945,Conflict and terrorism,1,Number,2000,11770.76491282258,12386.549309815206,11253.359629975093
1,Deaths,44567,Eastern Mediterranean Region,3,Both,22,All Ages,945,Conflict and terrorism,2,Percent,2000,0.003497625508793626,0.0037057973281976173,0.0033186767344471763
1,Deaths,44566,European Region,3,Both,22,All Ages,945,Conflict and terrorism,1,Number,2000,7666.1017470151,7869.429856480508,7471.312429925494
1,Deaths,44566,European Region,3,Both,22,All Ages,945,Conflict and terrorism,2,Percent,2000,0.0008291245509928951,0.0008506794116878014,0.00080880969925672
1,Deaths,44563,African Region,3,Both,22,All Ages,945,Conflict and terrorism,1,Number,2002,34015.42504276851,36454.03123459158,32076.04349598336
1,Deaths,44563,African Region,3,Both,22,All Ages,945,Conflict and terrorism,2,Percent,2002,0.0039099512955747045,0.004211459829154922,0.0036523853559820656
1,Deaths,44565,South-East Asia Region,3,Both,22,All Ages,945,Conflict and terrorism,1,Number,2001,9611.836542591991,9836.130948910504,9430.415767521632
1,Deaths,44565,South-East Asia Region,3,Both,22,All Ages,945,Conflict and terrorism,2,Percent,2001,0.0007656443081923418,0.0007855799088859682,0.0007475597074866807
1,Deaths,44568,Western Pacific Region,3,Both,22,All Ages,945,Conflict and terrorism,1,Number,2007,629.3312178062795,645.0380406377326,612.6444923088862
1,Deaths,44568,Western Pacific Region,3,Both,22,All Ages,945,Conflict and terrorism,2,Percent,2007,5.588857116295584e-05,5.746967117547697e-05,5.436476124946864e-05
1,Deaths,44564,Region of the Americas,3,Both,22,All Ages,945,Conflict and terrorism,1,Number,2005,2727.9999636442208,2760.019859757407,2698.4906790503783
1,Deaths,44564,Region of the Americas,3,Both,22,All Ages,945,Conflict and terrorism,2,Percent,2005,0.00047843641932269413,0.00048404261765017245,0.00047299362135111515
1,Deaths,44563,African Region,3,Both,22,All Ages,945,Conflict and terrorism,1,Number,2006,5920.4398180369935,6189.490729200134,5674.797004462645
1,Deaths,44563,African Region,3,Both,22,All Ages,945,Conflict and terrorism,2,Percent,2006,0.0006799778810918197,0.0007174442380724374,0.0006448864468967452
1,Deaths,44565,South-East Asia Region,3,Both,22,All Ages,945,Conflict and terrorism,1,Number,2005,6915.478098291474,6952.793731965339,6876.552697614005
1,Deaths,44565,South-East Asia Region,3,Both,22,All Ages,945,Conflict and terrorism,2,Percent,2005,0.0005637237409146942,0.0005712657200032847,0.0005563138991705837
1,Deaths,44566,European Region,3,Both,22,All Ages,945,Conflict and terrorism,1,Number,2008,2650.694329006205,2685.251775161243,2618.3348019550267
1,Deaths,44566,European Region,3,Both,22,All Ages,945,Conflict and terrorism,2,Percent,2008,0.0002880465605022372,0.0002917718432110265,0.0002844948572099532
1,Deaths,44564,Region of the Americas,3,Both,22,All Ages,945,Conflict and terrorism,1,Number,2009,1129.0000068204795,1150.6886671911718,1105.5986303382451
1,Deaths,44564,Region of the Americas,3,Both,22,All Ages,945,Conflict and terrorism,2,Percent,2009,0.00018874933135296985,0.00019239102993118278,0.00018489762638994623
1,Deaths,44563,African Region,3,Both,22,All Ages,945,Conflict and terrorism,1,Number,2010,5611.348509110075,5866.737623356332,5399.468936096292
1,Deaths,44563,African Region,3,Both,22,All Ages,945,Conflict and terrorism,2,Percent,2010,0.0006775782252803845,0.0007141067369354358,0.0006420991605815468
1,Deaths,44565,South-East Asia Region,3,Both,22,All Ages,945,Conflict and terrorism,1,Number,2017,974.000003054718,987.6076226788123,961.0177296100336
1,Deaths,44565,South-East Asia Region,3,Both,22,All Ages,945,Conflict and terrorism,2,Percent,2017,7.021451444995981e-05,7.171108098143841e-05,6.869777305605017e-05
1,Deaths,44567,Eastern Mediterranean Region,3,Both,22,All Ages,945,Conflict and terrorism,1,Number,2008,31847.188125723183,34555.95436468401,29606.487048112638
1,Deaths,44567,Eastern Mediterranean Region,3,Both,22,All Ages,945,Conflict and terrorism,2,Percent,2008,0.008990729864768836,0.009778896420012863,0.008301747979868787
1,Deaths,44565,South-East Asia Region,3,Both,22,All Ages,945,Conflict and terrorism,1,Number,2009,14465.718635246516,14536.482398382017,14396.36340934246
1,Deaths,44565,South-East Asia Region,3,Both,22,All Ages,945,Conflict and terrorism,2,Percent,2009,0.0011296569046144985,0.0011439595378735204,0.0011151348411255683
1,Deaths,44566,European Region,3,Both,22,All Ages,945,Conflict and terrorism,1,Number,2016,3830.911790189768,4000.311347429297,3661.6923391841706
1,Deaths,44566,European Region,3,Both,22,All Ages,945,Conflict and terrorism,2,Percent,2016,0.00041356538177229576,0.000432008621835133,0.00039569602958718704
1,Deaths,44564,Region of the Americas,3,Both,22,All Ages,945,Conflict and terrorism,1,Number,2013,464.0000023924995,480.2546290989166,449.2547304623985
1,Deaths,44564,Region of the Americas,3,Both,22,All Ages,945,Conflict and terrorism,2,Percent,2013,7.30318529120715e-05,7.565037464131799e-05,7.067355713682289e-05
1,Deaths,44566,European Region,3,Both,22,All Ages,945,Conflict and terrorism,1,Number,2012,2253.0898581139595,2298.2398580929244,2210.189635766547
1,Deaths,44566,European Region,3,Both,22,All Ages,945,Conflict and terrorism,2,Percent,2012,0.0002497537056811895,0.0002548210407895098,0.00024509024120778183
1,Deaths,44568,Western Pacific Region,3,Both,22,All Ages,945,Conflict and terrorism,1,Number,2011,597.2183306378796,619.7457498963139,576.4254526020786
1,Deaths,44568,Western Pacific Region,3,Both,22,All Ages,945,Conflict and terrorism,2,Percent,2011,4.810828822797738e-05,5.005046321734539e-05,4.635841512030573e-05
1,Deaths,44568,Western Pacific Region,3,Both,22,All Ages,945,Conflict and terrorism,1,Number,1990,2541.981311531032,2631.630488253609,2455.577301346863
1,Deaths,44568,Western Pacific Region,3,Both,22,All Ages,945,Conflict and terrorism,2,Percent,1990,0.0002417958884670621,0.00025104224422815066,0.00023342751683972545
1,Deaths,44564,Region of the Americas,3,Both,22,All Ages,945,Conflict and terrorism,1,Number,2017,8.850360520141443,8.992730904339346,8.735950643634851
1,Deaths,44564,Region of the Americas,3,Both,22,All Ages,945,Conflict and terrorism,2,Percent,2017,1.271108475714343e-06,1.2952856402571926e-06,1.2493542824306991e-06
1,Deaths,44565,South-East Asia Region,3,Both,22,All Ages,945,Conflict and terrorism,1,Number,2013,2313.125885891803,2349.649673350458,2280.1425711278634
1,Deaths,44565,South-East Asia Region,3,Both,22,All Ages,945,Conflict and terrorism,2,Percent,2013,0.00017444408941117212,0.00017790850260684105,0.00017119839895120384
1,Deaths,44567,Eastern Mediterranean Region,3,Both,22,All Ages,945,Conflict and terrorism,1,Number,2012,96655.34867531699,111970.75316453766,84983.42145700681
1,Deaths,44567,Eastern Mediterranean Region,3,Both,22,All Ages,945,Conflict and terrorism,2,Percent,2012,0.026184102076304217,0.030503038878653525,0.02289768044911597
1,Deaths,44563,African Region,3,Both,22,All Ages,945,Conflict and terrorism,1,Number,2014,26739.588788201367,27741.521380860366,25784.499592236512
1,Deaths,44563,African Region,3,Both,22,All Ages,945,Conflict and terrorism,2,Percent,2014,0.0034358298174269803,0.0036143264512053523,0.003253523928552393
1,Deaths,44567,Eastern Mediterranean Region,3,Both,22,All Ages,945,Conflict and terrorism,1,Number,2016,138867.96504240026,154560.254412672,124975.69812285824
1,Deaths,44567,Eastern Mediterranean Region,3,Both,22,All Ages,945,Conflict and terrorism,2,Percent,2016,0.036066443870197536,0.040742415753295416,0.03224045900484212
1,Deaths,44568,Western Pacific Region,3,Both,22,All Ages,945,Conflict and terrorism,1,Number,1992,1185.0000460231552,1240.1218933713076,1131.0613408038146
1,Deaths,44568,Western Pacific Region,3,Both,22,All Ages,945,Conflict and terrorism,2,Percent,1992,0.00011059333028364108,0.00011587169805149363,0.00010554873946664609
1,Deaths,44568,Western Pacific Region,3,Both,22,All Ages,945,Conflict and terrorism,1,Number,2015,1432.2154297132256,1519.3701171424227,1347.549231013994
1,Deaths,44568,Western Pacific Region,3,Both,22,All Ages,945,Conflict and terrorism,2,Percent,2015,0.00010568259352511229,0.00011266465690016885,9.92023718839866e-05
1,Deaths,44566,European Region,3,Both,22,All Ages,945,Conflict and terrorism,1,Number,1991,5318.887143296879,5464.988283104237,5176.605024073961
1,Deaths,44566,European Region,3,Both,22,All Ages,945,Conflict and terrorism,2,Percent,1991,0.00061497877790503,0.0006318115010271856,0.000598481509724162
1,Deaths,44563,African Region,3,Both,22,All Ages,945,Conflict and terrorism,1,Number,1995,28322.979615669254,30817.867352219037,26309.884009551603
1,Deaths,44563,African Region,3,Both,22,All Ages,945,Conflict and terrorism,2,Percent,1995,0.003716828309526053,0.004055683027246108,0.003435412937073555
1,Deaths,44566,European Region,3,Both,22,All Ages,945,Conflict and terrorism,1,Number,1993,30570.388296441117,31160.07326841729,29988.2839878817
1,Deaths,44566,European Region,3,Both,22,All Ages,945,Conflict and terrorism,2,Percent,1993,0.003297113356575993,0.0033597912269602323,0.003231508177274417
1,Deaths,44564,Region of the Americas,3,Both,22,All Ages,945,Conflict and terrorism,1,Number,1994,2819.0001191415313,2907.0821115563867,2743.765776319579
1,Deaths,44564,Region of the Americas,3,Both,22,All Ages,945,Conflict and terrorism,2,Percent,1994,0.0005336730977340829,0.0005504057296107058,0.0005196744947382539
1,Deaths,44567,Eastern Mediterranean Region,3,Both,22,All Ages,945,Conflict and terrorism,1,Number,1993,7652.24034081736,7903.34159937077,7459.760731511963
1,Deaths,44567,Eastern Mediterranean Region,3,Both,22,All Ages,945,Conflict and terrorism,2,Percent,1993,0.002369181024928257,0.002459303959942793,0.0022878239482558536
1,Deaths,44567,Eastern Mediterranean Region,3,Both,22,All Ages,945,Conflict and terrorism,1,Number,1991,40469.57524689233,41148.48085028367,39796.07138655606
1,Deaths,44567,Eastern Mediterranean Region,3,Both,22,All Ages,945,Conflict and terrorism,2,Percent,1991,0.012698441370773335,0.013027135854319444,0.012371084843925262
1,Deaths,44565,South-East Asia Region,3,Both,22,All Ages,945,Conflict and terrorism,1,Number,1994,4192.181758800326,4689.007310822779,3838.021608277828
1,Deaths,44565,South-East Asia Region,3,Both,22,All Ages,945,Conflict and terrorism,2,Percent,1994,0.0003459099962336418,0.00038568894764261816,0.00031656170549870203
1,Deaths,44564,Region of the Americas,3,Both,22,All Ages,945,Conflict and terrorism,1,Number,1998,2299.0001687305553,2407.1985664680915,2196.2820957615904
1,Deaths,44564,Region of the Americas,3,Both,22,All Ages,945,Conflict and terrorism,2,Percent,1998,0.00042482434117641137,0.0004449027966380668,0.0004056931946788637
1,Deaths,44568,Western Pacific Region,3,Both,22,All Ages,945,Conflict and terrorism,1,Number,2004,699.8147619959155,735.4958713991838,664.4960698087723
1,Deaths,44568,Western Pacific Region,3,Both,22,All Ages,945,Conflict and terrorism,2,Percent,2004,6.138485334407084e-05,6.473479055922856e-05,5.826004960531521e-05
1,Deaths,44563,African Region,3,Both,22,All Ages,945,Conflict and terrorism,1,Number,1999,112624.58134091929,115844.66217020758,109946.11609791774
1,Deaths,44563,African Region,3,Both,22,All Ages,945,Conflict and terrorism,2,Percent,1999,0.013337154351201324,0.013825890688352629,0.012882593714138564
1,Deaths,44568,Western Pacific Region,3,Both,22,All Ages,945,Conflict and terrorism,1,Number,1996,1363.0808328000142,1381.3006558321579,1343.9701484220086
1,Deaths,44568,Western Pacific Region,3,Both,22,All Ages,945,Conflict and terrorism,2,Percent,1996,0.00012577081399777593,0.00012797575378527948,0.0001236864189383948
1,Deaths,44564,Region of the Americas,3,Both,22,All Ages,945,Conflict and terrorism,1,Number,2006,1767.9999867432355,1801.6720672382805,1736.7633918699853
1,Deaths,44564,Region of the Americas,3,Both,22,All Ages,945,Conflict and terrorism,2,Percent,2006,0.00030856777166970344,0.00031457609784660994,0.00030279078412737836
1,Deaths,44564,Region of the Americas,3,Both,22,All Ages,945,Conflict and terrorism,1,Number,2002,3324.9999708159025,3422.2486524879328,3227.0085242869727
1,Deaths,44564,Region of the Americas,3,Both,22,All Ages,945,Conflict and terrorism,2,Percent,2002,0.0005931731366103179,0.0006103171084922553,0.0005756282493508456
1,Deaths,44563,African Region,3,Both,22,All Ages,945,Conflict and terrorism,1,Number,2007,5086.176166573039,5206.471554996831,4977.770208517193
1,Deaths,44563,African Region,3,Both,22,All Ages,945,Conflict and terrorism,2,Percent,2007,0.0005894254559219032,0.0006099716909153942,0.0005679878717175024
1,Deaths,44565,South-East Asia Region,3,Both,22,All Ages,945,Conflict and terrorism,1,Number,2006,8828.017656866285,9057.517660741716,8611.155697261835
1,Deaths,44565,South-East Asia Region,3,Both,22,All Ages,945,Conflict and terrorism,2,Percent,2006,0.0007131638314497713,0.0007348861825000599,0.0006949661551992986
1,Deaths,44566,European Region,3,Both,22,All Ages,945,Conflict and terrorism,1,Number,1997,4883.859742935913,4945.125073771737,4820.678448623208
1,Deaths,44566,European Region,3,Both,22,All Ages,945,Conflict and terrorism,2,Percent,1997,0.0005361304512452046,0.0005430467213177182,0.0005292028972804679
1,Deaths,44567,Eastern Mediterranean Region,3,Both,22,All Ages,945,Conflict and terrorism,1,Number,1997,13813.734348146852,14437.004222451511,13190.605564340354
1,Deaths,44567,Eastern Mediterranean Region,3,Both,22,All Ages,945,Conflict and terrorism,2,Percent,1997,0.00410747194692103,0.0043141031949137,0.003916119063528478
1,Deaths,44565,South-East Asia Region,3,Both,22,All Ages,945,Conflict and terrorism,1,Number,1998,9647.841674782929,9830.198643435706,9473.686391822668
1,Deaths,44565,South-East Asia Region,3,Both,22,All Ages,945,Conflict and terrorism,2,Percent,1998,0.0007690297617893077,0.0007869734865067371,0.0007517886862572379
1,Deaths,44563,African Region,3,Both,22,All Ages,945,Conflict and terrorism,1,Number,2003,30245.3637100154,32615.124898386268,28216.074981452402
1,Deaths,44563,African Region,3,Both,22,All Ages,945,Conflict and terrorism,2,Percent,2003,0.0034495877048826076,0.003743012558422431,0.003215199673426382
1,Deaths,44566,European Region,3,Both,22,All Ages,945,Conflict and terrorism,1,Number,2001,3178.6634704745093,3215.3437525873164,3144.1023813355046
1,Deaths,44566,European Region,3,Both,22,All Ages,945,Conflict and terrorism,2,Percent,2001,0.00034345205085672026,0.00034749797922455165,0.0003396062072980225
1,Deaths,44568,Western Pacific Region,3,Both,22,All Ages,945,Conflict and terrorism,1,Number,2008,909.301862542158,952.3336185289334,864.0898116404138
1,Deaths,44568,Western Pacific Region,3,Both,22,All Ages,945,Conflict and terrorism,2,Percent,2008,7.847037086777188e-05,8.213274586931708e-05,7.447565295217058e-05
1,Deaths,44566,European Region,3,Both,22,All Ages,945,Conflict and terrorism,1,Number,2009,1994.8774392385128,2023.4605284435986,1968.537182955836
1,Deaths,44566,European Region,3,Both,22,All Ages,945,Conflict and terrorism,2,Percent,2009,0.00021929512471454896,0.0002225075019228544,0.0002163285105239819
1,Deaths,44565,South-East Asia Region,3,Both,22,All Ages,945,Conflict and terrorism,1,Number,2002,11371.821227385894,11565.799345971403,11184.159280328036
1,Deaths,44565,South-East Asia Region,3,Both,22,All Ages,945,Conflict and terrorism,2,Percent,2002,0.0009110513128349695,0.0009307550821295432,0.0008922616790536492
1,Deaths,44568,Western Pacific Region,3,Both,22,All Ages,945,Conflict and terrorism,1,Number,2000,2319.767360134389,2386.006436367325,2256.4312152861426
1,Deaths,44568,Western Pacific Region,3,Both,22,All Ages,945,Conflict and terrorism,2,Percent,2000,0.00021095462507520922,0.00021755216575561492,0.00020483057120849308
1,Deaths,44567,Eastern Mediterranean Region,3,Both,22,All Ages,945,Conflict and terrorism,1,Number,2001,13614.767389642664,14543.904076212975,12725.101885642469
1,Deaths,44567,Eastern Mediterranean Region,3,Both,22,All Ages,945,Conflict and terrorism,2,Percent,2001,0.0040205979777487326,0.004316718927061926,0.0037470728238339726
1,Deaths,44567,Eastern Mediterranean Region,3,Both,22,All Ages,945,Conflict and terrorism,1,Number,2009,32311.6003493349,34433.43091484571,30457.15565821269
1,Deaths,44567,Eastern Mediterranean Region,3,Both,22,All Ages,945,Conflict and terrorism,2,Percent,2009,0.009045355027744327,0.009669015627551632,0.008480329800582394
1,Deaths,44563,African Region,3,Both,22,All Ages,945,Conflict and terrorism,1,Number,1990,65045.59562070718,65374.115857240635,64743.28313279955
1,Deaths,44563,African Region,3,Both,22,All Ages,945,Conflict and terrorism,2,Percent,1990,0.00959963824039315,0.00980954776561957,0.009392734490574662
1,Deaths,44563,African Region,3,Both,22,All Ages,945,Conflict and terrorism,1,Number,2011,7144.513518646925,7595.906435525975,6766.342054964366
1,Deaths,44563,African Region,3,Both,22,All Ages,945,Conflict and terrorism,2,Percent,2011,0.0008785111748210281,0.0009425482067242092,0.0008251764023594775
1,Deaths,44567,Eastern Mediterranean Region,3,Both,22,All Ages,945,Conflict and terrorism,1,Number,2017,106362.40794202649,120132.3203360966,94963.6055962651
1,Deaths,44567,Eastern Mediterranean Region,3,Both,22,All Ages,945,Conflict and terrorism,2,Percent,2017,0.027581765215456626,0.031233778488489593,0.024407555021606964
1,Deaths,44566,European Region,3,Both,22,All Ages,945,Conflict and terrorism,1,Number,2005,2032.421774330876,2057.170811160964,2010.2588724940024
1,Deaths,44566,European Region,3,Both,22,All Ages,945,Conflict and terrorism,2,Percent,2005,0.00021546194646434016,0.00021796125578100239,0.00021312045712765883
1,Deaths,44566,European Region,3,Both,22,All Ages,945,Conflict and terrorism,1,Number,2017,3596.000802513008,4306.559798648202,3076.9298826408044
1,Deaths,44566,European Region,3,Both,22,All Ages,945,Conflict and terrorism,2,Percent,2017,0.0003882248611314545,0.00046313196685897313,0.00033175767284353074
1,Deaths,44566,European Region,3,Both,22,All Ages,945,Conflict and terrorism,1,Number,2013,2058.2681703648364,2448.586529590932,1762.318175058717
1,Deaths,44566,European Region,3,Both,22,All Ages,945,Conflict and terrorism,2,Percent,2013,0.0002282635279178089,0.00027138504957103474,0.00019555530609870526
1,Deaths,44568,Western Pacific Region,3,Both,22,All Ages,945,Conflict and terrorism,1,Number,2012,601.8356925160616,635.9012352763207,572.8179707387868
1,Deaths,44568,Western Pacific Region,3,Both,22,All Ages,945,Conflict and terrorism,2,Percent,2012,4.778783750256659e-05,5.042114638458343e-05,4.542011791878786e-05
1,Deaths,44567,Eastern Mediterranean Region,3,Both,22,All Ages,945,Conflict and terrorism,1,Number,2005,10807.651419979493,11927.04617539928,9909.336188538377
1,Deaths,44567,Eastern Mediterranean Region,3,Both,22,All Ages,945,Conflict and terrorism,2,Percent,2005,0.0030425638299478967,0.0033685591095725226,0.0027668770870227038
1,Deaths,44564,Region of the Americas,3,Both,22,All Ages,945,Conflict and terrorism,1,Number,2010,1114.869185267937,1132.8970319544765,1097.4215331254047
1,Deaths,44564,Region of the Americas,3,Both,22,All Ages,945,Conflict and terrorism,2,Percent,2010,0.0001777137049938361,0.0001808644840902424,0.00017471246897554385
1,Deaths,44568,Western Pacific Region,3,Both,22,All Ages,945,Conflict and terrorism,1,Number,1991,2364.0000295527266,2428.025058110959,2299.6873511954627
1,Deaths,44568,Western Pacific Region,3,Both,22,All Ages,945,Conflict and terrorism,2,Percent,1991,0.00022215362779889943,0.0002286985570276837,0.0002156809816618235
1,Deaths,44563,African Region,3,Both,22,All Ages,945,Conflict and terrorism,1,Number,2015,7014.494493082509,7173.76078663165,6856.540517129602
1,Deaths,44563,African Region,3,Both,22,All Ages,945,Conflict and terrorism,2,Percent,2015,0.0009161153191288887,0.000955310354131188,0.0008751578958562238
1,Deaths,44567,Eastern Mediterranean Region,3,Both,22,All Ages,945,Conflict and terrorism,1,Number,2013,90854.3991301607,103199.98112413392,80283.34719434727
1,Deaths,44567,Eastern Mediterranean Region,3,Both,22,All Ages,945,Conflict and terrorism,2,Percent,2013,0.024522591503661904,0.0281152287908397,0.021600879773175662
1,Deaths,44564,Region of the Americas,3,Both,22,All Ages,945,Conflict and terrorism,1,Number,2014,413.0000014329668,427.87318140955716,398.48106799523237
1,Deaths,44564,Region of the Americas,3,Both,22,All Ages,945,Conflict and terrorism,2,Percent,2014,6.385135385902467e-05,6.61614206410018e-05,6.165399024669882e-05
1,Deaths,44563,African Region,3,Both,22,All Ages,945,Conflict and terrorism,1,Number,1992,10018.462765821363,10171.692644468294,9861.554025797992
1,Deaths,44563,African Region,3,Both,22,All Ages,945,Conflict and terrorism,2,Percent,1992,0.0014192192468818704,0.001455891330144673,0.0013819990508295644
1,Deaths,44565,South-East Asia Region,3,Both,22,All Ages,945,Conflict and terrorism,1,Number,2010,12568.97454121815,13792.788384316624,11557.869822221799
1,Deaths,44565,South-East Asia Region,3,Both,22,All Ages,945,Conflict and terrorism,2,Percent,2010,0.0009665175179753508,0.0010612301059067491,0.0008905800335144546
1,Deaths,44568,Western Pacific Region,3,Both,22,All Ages,945,Conflict and terrorism,1,Number,2016,908.0000063727749,974.1363157888468,846.8234345900432
1,Deaths,44568,Western Pacific Region,3,Both,22,All Ages,945,Conflict and terrorism,2,Percent,2016,6.536567447489554e-05,7.038935115862668e-05,6.068644258692544e-05
1,Deaths,44566,European Region,3,Both,22,All Ages,945,Conflict and terrorism,1,Number,1994,14194.803239650513,14533.528970541565,13831.700410318
1,Deaths,44566,European Region,3,Both,22,All Ages,945,Conflict and terrorism,2,Percent,1994,0.0014942547524865635,0.001530430095328964,0.0014561096473924352
1,Deaths,44567,Eastern Mediterranean Region,3,Both,22,All Ages,945,Conflict and terrorism,1,Number,1994,13802.190426089079,14031.818427370668,13596.132237891059
1,Deaths,44567,Eastern Mediterranean Region,3,Both,22,All Ages,945,Conflict and terrorism,2,Percent,1994,0.0042198566040797395,0.004336866281953031,0.004108114106332323
1,Deaths,44564,Region of the Americas,3,Both,22,All Ages,945,Conflict and terrorism,1,Number,1995,2456.000096568404,2526.8142644413883,2388.434323078873
1,Deaths,44564,Region of the Americas,3,Both,22,All Ages,945,Conflict and terrorism,2,Percent,1995,0.0004598650724277998,0.0004730556212295905,0.0004470457255414914
1,Deaths,44568,Western Pacific Region,3,Both,22,All Ages,945,Conflict and terrorism,1,Number,1993,803.9999914371507,816.8793911067154,791.7442103390712
1,Deaths,44568,Western Pacific Region,3,Both,22,All Ages,945,Conflict and terrorism,2,Percent,1993,7.47584971603614e-05,7.622673516737881e-05,7.337375967555028e-05
1,Deaths,44563,African Region,3,Both,22,All Ages,945,Conflict and terrorism,1,Number,1996,55767.57418465,58596.155563060245,53345.34800743549
1,Deaths,44563,African Region,3,Both,22,All Ages,945,Conflict and terrorism,2,Percent,1996,0.0070887577769688905,0.00745909705114265,0.00674872511843804
1,Deaths,44565,South-East Asia Region,3,Both,22,All Ages,945,Conflict and terrorism,1,Number,2014,2364.6213793888755,2423.743794914979,2311.8352558444917
1,Deaths,44565,South-East Asia Region,3,Both,22,All Ages,945,Conflict and terrorism,2,Percent,2014,0.00017704962003667433,0.00018224007275088682,0.0001725261792509754
1,Deaths,44564,Region of the Americas,3,Both,22,All Ages,945,Conflict and terrorism,1,Number,1999,2423.000096711844,2478.7909196283913,2373.4074757456865
1,Deaths,44564,Region of the Americas,3,Both,22,All Ages,945,Conflict and terrorism,2,Percent,1999,0.0004416082880859487,0.0004514913295918745,0.0004320422315644576
1,Deaths,44566,European Region,3,Both,22,All Ages,945,Conflict and terrorism,1,Number,2002,4206.965598552368,4322.360840663358,4100.329641195831
1,Deaths,44566,European Region,3,Both,22,All Ages,945,Conflict and terrorism,2,Percent,2002,0.0004488856600853297,0.00046139560852526915,0.00043753751866305667
1,Deaths,44565,South-East Asia Region,3,Both,22,All Ages,945,Conflict and terrorism,1,Number,1999,13463.04275109417,13899.869381937375,13056.709749471067
1,Deaths,44565,South-East Asia Region,3,Both,22,All Ages,945,Conflict and terrorism,2,Percent,1999,0.001076659004782992,0.0011147019594551556,0.0010410281925216363
1,Deaths,44568,Western Pacific Region,3,Both,22,All Ages,945,Conflict and terrorism,1,Number,2001,1485.607908271693,1570.5273020944876,1411.1458726254696
1,Deaths,44568,Western Pacific Region,3,Both,22,All Ages,945,Conflict and terrorism,2,Percent,2001,0.00013506463761665845,0.0001431116304756794,0.00012851781775058044
1,Deaths,44563,African Region,3,Both,22,All Ages,945,Conflict and terrorism,1,Number,2004,20797.146087358517,23141.67029986346,18823.31051616247
1,Deaths,44563,African Region,3,Both,22,All Ages,945,Conflict and terrorism,2,Percent,2004,0.00236981337934074,0.0026410178910155017,0.002143195028417434
1,Deaths,44565,South-East Asia Region,3,Both,22,All Ages,945,Conflict and terrorism,1,Number,1995,8278.400058424628,8444.029908867142,8109.332036803145
1,Deaths,44565,South-East Asia Region,3,Both,22,All Ages,945,Conflict and terrorism,2,Percent,1995,0.0006802724278421705,0.0006970871250454499,0.0006635651891756419
1,Deaths,44563,African Region,3,Both,22,All Ages,945,Conflict and terrorism,1,Number,2000,88251.75705062148,90816.53975807632,85989.16802448082
1,Deaths,44563,African Region,3,Both,22,All Ages,945,Conflict and terrorism,2,Percent,2000,0.010271093678477464,0.010654706703657054,0.009925167632606476
1,Deaths,44566,European Region,3,Both,22,All Ages,945,Conflict and terrorism,1,Number,2006,1537.1598261475594,1551.883939475518,1522.5090440082786
1,Deaths,44566,European Region,3,Both,22,All Ages,945,Conflict and terrorism,2,Percent,2006,0.00016685693229803508,0.00016846412856749205,0.0001652733412268135
1,Deaths,44567,Eastern Mediterranean Region,3,Both,22,All Ages,945,Conflict and terrorism,1,Number,2002,12696.64015219588,14099.722487710504,11590.517879587505
1,Deaths,44567,Eastern Mediterranean Region,3,Both,22,All Ages,945,Conflict and terrorism,2,Percent,2002,0.0037210362837490985,0.0041209750583037965,0.0033892859112359896
1,Deaths,44564,Region of the Americas,3,Both,22,All Ages,945,Conflict and terrorism,1,Number,2007,1537.9999926296273,1569.50684514638,1510.192420271993
1,Deaths,44564,Region of the Americas,3,Both,22,All Ages,945,Conflict and terrorism,2,Percent,2007,0.0002660443658741122,0.0002714847300483381,0.0002612876632130031
1,Deaths,44565,South-East Asia Region,3,Both,22,All Ages,945,Conflict and terrorism,1,Number,2007,7563.282972071624,7656.6423652402755,7469.9251778431535
1,Deaths,44565,South-East Asia Region,3,Both,22,All Ages,945,Conflict and terrorism,2,Percent,2007,0.000604663654485594,0.000615458757260442,0.0005945754106243983
1,Deaths,44567,Eastern Mediterranean Region,3,Both,22,All Ages,945,Conflict and terrorism,1,Number,2006,39536.47275434656,45379.555679535595,34615.454056721115
1,Deaths,44567,Eastern Mediterranean Region,3,Both,22,All Ages,945,Conflict and terrorism,2,Percent,2006,0.01122055552266094,0.012856567011387777,0.009821897104175612
1,Deaths,44566,European Region,3,Both,22,All Ages,945,Conflict and terrorism,1,Number,1998,4602.584357213861,4799.978468050494,4424.30462011641
1,Deaths,44566,European Region,3,Both,22,All Ages,945,Conflict and terrorism,2,Percent,1998,0.0005103015934206971,0.0005322431984797889,0.0004902533206048097
1,Deaths,44568,Western Pacific Region,3,Both,22,All Ages,945,Conflict and terrorism,1,Number,2009,1554.227766709342,1616.9140589449612,1498.4186481255288
1,Deaths,44568,Western Pacific Region,3,Both,22,All Ages,945,Conflict and terrorism,2,Percent,2009,0.00013146366059971424,0.0001372316252927061,0.00012679259043073954
1,Deaths,44563,African Region,3,Both,22,All Ages,945,Conflict and terrorism,1,Number,2008,10181.654909992581,10482.680919779816,9904.931415730085
1,Deaths,44563,African Region,3,Both,22,All Ages,945,Conflict and terrorism,2,Percent,2008,0.0011935365020380524,0.0012416043822891436,0.001147033642856946
1,Deaths,44568,Western Pacific Region,3,Both,22,All Ages,945,Conflict and terrorism,1,Number,1997,1084.0478472752413,1127.6160062620875,1043.8736101836232
1,Deaths,44568,Western Pacific Region,3,Both,22,All Ages,945,Conflict and terrorism,2,Percent,1997,0.00010005322929377156,0.00010392852630214577,9.624679766244263e-05
1,Deaths,44567,Eastern Mediterranean Region,3,Both,22,All Ages,945,Conflict and terrorism,1,Number,1998,19027.164044421766,19612.094119989506,18524.7368485722
1,Deaths,44567,Eastern Mediterranean Region,3,Both,22,All Ages,945,Conflict and terrorism,2,Percent,1998,0.0056350112089123905,0.005835802970039616,0.005443848813577775
1,Deaths,44565,South-East Asia Region,3,Both,22,All Ages,945,Conflict and terrorism,1,Number,2003,7291.773265026899,7322.047845801187,7260.909142176259
1,Deaths,44565,South-East Asia Region,3,Both,22,All Ages,945,Conflict and terrorism,2,Percent,2003,0.0005925691965934948,0.0006004783760069551,0.0005847817108608205
1,Deaths,44567,Eastern Mediterranean Region,3,Both,22,All Ages,945,Conflict and terrorism,1,Number,2010,28585.627918420585,30153.363570605157,27235.750556266623
1,Deaths,44567,Eastern Mediterranean Region,3,Both,22,All Ages,945,Conflict and terrorism,2,Percent,2010,0.007935063788880793,0.00844831225773958,0.007471499836485845
1,Deaths,44564,Region of the Americas,3,Both,22,All Ages,945,Conflict and terrorism,1,Number,2003,1902.9999622338473,1929.4897902395667,1876.5614060065607
1,Deaths,44564,Region of the Americas,3,Both,22,All Ages,945,Conflict and terrorism,2,Percent,2003,0.0003361624451312715,0.0003408855495895109,0.0003313576798397556
1,Deaths,44564,Region of the Americas,3,Both,22,All Ages,945,Conflict and terrorism,1,Number,2011,789.9999997281859,803.4481138065448,775.8908954586299
1,Deaths,44564,Region of the Americas,3,Both,22,All Ages,945,Conflict and terrorism,2,Percent,2011,0.00012850418592321854,0.00013077146408058203,0.00012616986841447692
1,Deaths,44566,European Region,3,Both,22,All Ages,945,Conflict and terrorism,1,Number,2010,2070.966107939784,2095.1742888127947,2047.7433184702506
1,Deaths,44566,European Region,3,Both,22,All Ages,945,Conflict and terrorism,2,Percent,2010,0.0002260066850705504,0.0002286694475090352,0.00022345238140757372
1,Deaths,44563,African Region,3,Both,22,All Ages,945,Conflict and terrorism,1,Number,2012,8354.43062988649,8676.111969066682,8049.413492967215
1,Deaths,44563,African Region,3,Both,22,All Ages,945,Conflict and terrorism,2,Percent,2012,0.0010455536071024632,0.0011004571603272749,0.0009925983824085776
1,Deaths,44564,Region of the Americas,3,Both,22,All Ages,945,Conflict and terrorism,1,Number,1990,5876.000025346222,6114.817951855351,5667.100744047278
1,Deaths,44564,Region of the Americas,3,Both,22,All Ages,945,Conflict and terrorism,2,Percent,1990,0.0011709168276099456,0.0012188946575893511,0.0011293390627084429
1,Deaths,44565,South-East Asia Region,3,Both,22,All Ages,945,Conflict and terrorism,1,Number,1990,11308.094196753134,11551.351702384429,11087.489868931028
1,Deaths,44565,South-East Asia Region,3,Both,22,All Ages,945,Conflict and terrorism,2,Percent,1990,0.0009301982951499596,0.0009556523204147293,0.0009054727520968748
1,Deaths,44565,South-East Asia Region,3,Both,22,All Ages,945,Conflict and terrorism,1,Number,2011,3302.329644184372,3406.8066785355713,3213.0581306029494
1,Deaths,44565,South-East Asia Region,3,Both,22,All Ages,945,Conflict and terrorism,2,Percent,2011,0.0002513514824129434,0.00025981378151352405,0.0002443551908346116
1,Deaths,44566,European Region,3,Both,22,All Ages,945,Conflict and terrorism,1,Number,2014,9343.538157291783,9751.373510128875,9059.133087195276
1,Deaths,44566,European Region,3,Both,22,All Ages,945,Conflict and terrorism,2,Percent,2014,0.0010339156317875175,0.0010783695451638425,0.0010017065827124182
1,Deaths,44568,Western Pacific Region,3,Both,22,All Ages,945,Conflict and terrorism,1,Number,2017,1144.9999991616444,1325.6859976669773,985.6569931947839
1,Deaths,44568,Western Pacific Region,3,Both,22,All Ages,945,Conflict and terrorism,2,Percent,2017,8.145014429134439e-05,9.461567794955759e-05,7.050494680272093e-05
1,Deaths,44563,African Region,3,Both,22,All Ages,945,Conflict and terrorism,1,Number,2016,11859.99702582108,12168.55238081864,11523.260016508204
1,Deaths,44563,African Region,3,Both,22,All Ages,945,Conflict and terrorism,2,Percent,2016,0.001566209154305406,0.001636073759340524,0.0014917740236228107
1,Deaths,44568,Western Pacific Region,3,Both,22,All Ages,945,Conflict and terrorism,1,Number,2005,573.3130193784929,588.0673020600714,558.7595661851612
1,Deaths,44568,Western Pacific Region,3,Both,22,All Ages,945,Conflict and terrorism,2,Percent,2005,5.040062901969016e-05,5.181199709148567e-05,4.905328918105657e-05
1,Deaths,44563,African Region,3,Both,22,All Ages,945,Conflict and terrorism,1,Number,1991,21176.682404766263,21540.227197101816,20843.465993796905
1,Deaths,44563,African Region,3,Both,22,All Ages,945,Conflict and terrorism,2,Percent,1991,0.003070889129934467,0.003157333119476701,0.002988782392607036
1,Deaths,44567,Eastern Mediterranean Region,3,Both,22,All Ages,945,Conflict and terrorism,1,Number,2014,141538.71860787607,159447.25174177554,125866.52627770574
1,Deaths,44567,Eastern Mediterranean Region,3,Both,22,All Ages,945,Conflict and terrorism,2,Percent,2014,0.037253869233011945,0.041989195646559625,0.032978259867382745
1,Deaths,44564,Region of the Americas,3,Both,22,All Ages,945,Conflict and terrorism,1,Number,2015,345.9999991856077,360.0806153497313,333.46700217955873
1,Deaths,44564,Region of the Americas,3,Both,22,All Ages,945,Conflict and terrorism,2,Percent,2015,5.230557111105034e-05,5.446115964988639e-05,5.036064341485072e-05
1,Deaths,44563,African Region,3,Both,22,All Ages,945,Conflict and terrorism,1,Number,1993,19058.978682201046,19565.722639156087,18558.058176401137
1,Deaths,44563,African Region,3,Both,22,All Ages,945,Conflict and terrorism,2,Percent,1993,0.0026318588460719165,0.002720498190177804,0.0025417508752062393
1,Deaths,44568,Western Pacific Region,3,Both,22,All Ages,945,Conflict and terrorism,1,Number,1994,1309.0001599457155,1373.0054903762002,1246.4064700235235
1,Deaths,44568,Western Pacific Region,3,Both,22,All Ages,945,Conflict and terrorism,2,Percent,1994,0.00012153015431286145,0.0001276519438872686,0.00011546115547332112
1,Deaths,44564,Region of the Americas,3,Both,22,All Ages,945,Conflict and terrorism,1,Number,1996,2570.999649445347,2640.694160417437,2501.9518508935544
1,Deaths,44564,Region of the Americas,3,Both,22,All Ages,945,Conflict and terrorism,2,Percent,1996,0.00048131418485335907,0.0004946696559892416,0.0004684865874661321
1,Deaths,44563,African Region,3,Both,22,All Ages,945,Conflict and terrorism,1,Number,1997,94312.62722765852,100492.64226333536,88399.76880435973
1,Deaths,44563,African Region,3,Both,22,All Ages,945,Conflict and terrorism,2,Percent,1997,0.011649947125000051,0.012449907029496348,0.010928949233545569
1,Deaths,44565,South-East Asia Region,3,Both,22,All Ages,945,Conflict and terrorism,1,Number,2015,2847.481454943775,3000.826615881264,2718.5564919846465
1,Deaths,44565,South-East Asia Region,3,Both,22,All Ages,945,Conflict and terrorism,2,Percent,2015,0.00021083511911290645,0.00022193447348210763,0.00020138881842176804
1,Deaths,44566,European Region,3,Both,22,All Ages,945,Conflict and terrorism,1,Number,1999,18165.279095208905,18664.811634300702,17695.108514830503
1,Deaths,44566,European Region,3,Both,22,All Ages,945,Conflict and terrorism,2,Percent,1999,0.0019687106149832985,0.002022465204894018,0.001917920288030834
1,Deaths,44564,Region of the Americas,3,Both,22,All Ages,945,Conflict and terrorism,1,Number,1992,4978.999370183686,5127.049830378997,4836.76689034002
1,Deaths,44564,Region of the Americas,3,Both,22,All Ages,945,Conflict and terrorism,2,Percent,1992,0.0009742298231682595,0.0010032277333885252,0.0009458203622887476
1,Deaths,44568,Western Pacific Region,3,Both,22,All Ages,945,Conflict and terrorism,1,Number,2013,1260.0492730125927,1332.2440759220447,1196.963979443432
1,Deaths,44568,Western Pacific Region,3,Both,22,All Ages,945,Conflict and terrorism,2,Percent,2013,9.927991883583341e-05,0.0001055461105286952,9.398829600975902e-05
1,Deaths,44564,Region of the Americas,3,Both,22,All Ages,945,Conflict and terrorism,1,Number,2000,2284.0001198850096,2358.0625959460517,2212.0225462805915
1,Deaths,44564,Region of the Americas,3,Both,22,All Ages,945,Conflict and terrorism,2,Percent,2000,0.0004172840742936384,0.0004310159555654689,0.0004040965410689138
1,Deaths,44567,Eastern Mediterranean Region,3,Both,22,All Ages,945,Conflict and terrorism,1,Number,1999,7853.327614237271,7969.082254887586,7741.387238301395
1,Deaths,44567,Eastern Mediterranean Region,3,Both,22,All Ages,945,Conflict and terrorism,2,Percent,1999,0.002330743626392099,0.0023940468080014144,0.0022693681381695573
1,Deaths,44568,Western Pacific Region,3,Both,22,All Ages,945,Conflict and terrorism,1,Number,2002,1003.0339284373587,1028.2638724110136,979.1022964891526
1,Deaths,44568,Western Pacific Region,3,Both,22,All Ages,945,Conflict and terrorism,2,Percent,2002,9.035564217710977e-05,9.290736490999096e-05,8.79945245026928e-05
1,Deaths,44565,South-East Asia Region,3,Both,22,All Ages,945,Conflict and terrorism,1,Number,1996,7670.8541281546695,7814.807764691053,7521.411525372923
1,Deaths,44565,South-East Asia Region,3,Both,22,All Ages,945,Conflict and terrorism,2,Percent,1996,0.0006299767855383793,0.0006441157136181432,0.0006147323389394258
1,Deaths,44566,European Region,3,Both,22,All Ages,945,Conflict and terrorism,1,Number,1995,16884.93618925996,17086.249365011077,16691.551938866738
1,Deaths,44566,European Region,3,Both,22,All Ages,945,Conflict and terrorism,2,Percent,1995,0.0017778331520697445,0.0017996692015887195,0.0017577996421268293
1,Deaths,44563,African Region,3,Both,22,All Ages,945,Conflict and terrorism,1,Number,2001,29041.17009193542,31545.775261889346,26908.160878445367
1,Deaths,44563,African Region,3,Both,22,All Ages,945,Conflict and terrorism,2,Percent,2001,0.003373033919879303,0.003671332126558047,0.0031115755317871283
1,Deaths,44564,Region of the Americas,3,Both,22,All Ages,945,Conflict and terrorism,1,Number,2004,2868.9999835662707,2920.2714133345685,2820.288632341377
1,Deaths,44564,Region of the Americas,3,Both,22,All Ages,945,Conflict and terrorism,2,Percent,2004,0.0005081384748476021,0.0005170500957475416,0.0004994309247061202
1,Deaths,44565,South-East Asia Region,3,Both,22,All Ages,945,Conflict and terrorism,1,Number,2004,8078.92957513433,8118.756349831391,8037.659754278255
1,Deaths,44565,South-East Asia Region,3,Both,22,All Ages,945,Conflict and terrorism,2,Percent,2004,0.0006522660288686332,0.0006606370992961837,0.0006440817837311322
1,Deaths,44565,South-East Asia Region,3,Both,22,All Ages,945,Conflict and terrorism,1,Number,1992,12857.387768204508,13017.330542720212,12710.757263321178
1,Deaths,44565,South-East Asia Region,3,Both,22,All Ages,945,Conflict and terrorism,2,Percent,1992,0.001047259330990431,0.0010696667999241251,0.0010280477090375071
1,Deaths,44568,Western Pacific Region,3,Both,22,All Ages,945,Conflict and terrorism,1,Number,2006,534.7687269599429,547.7439103313496,523.0184731100525
1,Deaths,44568,Western Pacific Region,3,Both,22,All Ages,945,Conflict and terrorism,2,Percent,2006,4.770568103192066e-05,4.898091704249305e-05,4.653603290493148e-05
1,Deaths,44565,South-East Asia Region,3,Both,22,All Ages,945,Conflict and terrorism,1,Number,2000,10435.652478262522,10577.447598566667,10302.655777263975
1,Deaths,44565,South-East Asia Region,3,Both,22,All Ages,945,Conflict and terrorism,2,Percent,2000,0.0008323308118580447,0.0008478622105183947,0.0008171632696695872
1,Deaths,44563,African Region,3,Both,22,All Ages,945,Conflict and terrorism,1,Number,2005,17242.8716978518,19606.329367790182,15103.368877581344
1,Deaths,44563,African Region,3,Both,22,All Ages,945,Conflict and terrorism,2,Percent,2005,0.001972103071707348,0.002253244618035532,0.0017273927424557947
1,Deaths,44566,European Region,3,Both,22,All Ages,945,Conflict and terrorism,1,Number,2003,2163.353644785768,2193.5872403631643,2131.699105058503
1,Deaths,44566,European Region,3,Both,22,All Ages,945,Conflict and terrorism,2,Percent,2003,0.00022899980513750668,0.0002321727217414673,0.00022563867896765766
1,Deaths,44566,European Region,3,Both,22,All Ages,945,Conflict and terrorism,1,Number,2007,1311.2277385118718,1318.6908174162975,1303.257517788878
1,Deaths,44566,European Region,3,Both,22,All Ages,945,Conflict and terrorism,2,Percent,2007,0.00014324556963934856,0.00014413430688154047,0.00014236008773224623
1,Deaths,44567,Eastern Mediterranean Region,3,Both,22,All Ages,945,Conflict and terrorism,1,Number,1995,9134.46199820544,9331.3884492186,8976.826328743564
1,Deaths,44567,Eastern Mediterranean Region,3,Both,22,All Ages,945,Conflict and terrorism,2,Percent,1995,0.0027659757240557914,0.002848875291577626,0.002688694424175845
1,Deaths,44567,Eastern Mediterranean Region,3,Both,22,All Ages,945,Conflict and terrorism,1,Number,2003,14554.13538960166,15624.661118753816,13570.755860387895
1,Deaths,44567,Eastern Mediterranean Region,3,Both,22,All Ages,945,Conflict and terrorism,2,Percent,2003,0.004197323413268024,0.004526490869820466,0.0038980609725551077
1,Deaths,44567,Eastern Mediterranean Region,3,Both,22,All Ages,945,Conflict and terrorism,1,Number,2007,43306.149664441866,49811.31485027079,38204.74701087921
1,Deaths,44567,Eastern Mediterranean Region,3,Both,22,All Ages,945,Conflict and terrorism,2,Percent,2007,0.0122799749378884,0.014109578159236628,0.010753271739725116
1,Deaths,44564,Region of the Americas,3,Both,22,All Ages,945,Conflict and terrorism,1,Number,2008,972.000001887488,990.3448426344986,955.3668415940157
1,Deaths,44564,Region of the Americas,3,Both,22,All Ages,945,Conflict and terrorism,2,Percent,2008,0.00016537287912895686,0.00016852128686410268,0.00016242894421788942
1,Deaths,44563,African Region,3,Both,22,All Ages,945,Conflict and terrorism,1,Number,2009,16409.975506944993,17114.512497419568,15777.259860926211
1,Deaths,44563,African Region,3,Both,22,All Ages,945,Conflict and terrorism,2,Percent,2009,0.0019459877263558664,0.002053136294272424,0.0018420695442263688
1,Deaths,44568,Western Pacific Region,3,Both,22,All Ages,945,Conflict and terrorism,1,Number,2010,622.5615233844214,649.519769022284,597.507835145291
1,Deaths,44568,Western Pacific Region,3,Both,22,All Ages,945,Conflict and terrorism,2,Percent,2010,5.1291914396159255e-05,5.3570404995063036e-05,4.917582103926369e-05
1,Deaths,44566,European Region,3,Both,22,All Ages,945,Conflict and terrorism,1,Number,2011,1524.1187315980108,1536.4037859057025,1511.7018520020385
1,Deaths,44566,European Region,3,Both,22,All Ages,945,Conflict and terrorism,2,Percent,2011,0.0001692056389475971,0.00017062179670110424,0.00016781616017269582
1,Deaths,44565,South-East Asia Region,3,Both,22,All Ages,945,Conflict and terrorism,1,Number,2008,12186.002739666235,12394.358827424987,12012.47888569789
1,Deaths,44565,South-East Asia Region,3,Both,22,All Ages,945,Conflict and terrorism,2,Percent,2008,0.0009515083959022117,0.0009713359602959351,0.0009331885059339923
1,Deaths,44563,African Region,3,Both,22,All Ages,945,Conflict and terrorism,1,Number,2013,18098.41343448047,18649.373031241936,17572.573398271208
1,Deaths,44563,African Region,3,Both,22,All Ages,945,Conflict and terrorism,2,Percent,2013,0.0023025179260102733,0.002411549268478061,0.002198922586172968
1,Deaths,44568,Western Pacific Region,3,Both,22,All Ages,945,Conflict and terrorism,1,Number,1998,525.0444023572309,540.143064501541,513.1125571213058
1,Deaths,44568,Western Pacific Region,3,Both,22,All Ages,945,Conflict and terrorism,2,Percent,1998,4.818442668508041e-05,4.961783871000639e-05,4.694362204368705e-05
1,Deaths,44563,African Region,3,Both,22,All Ages,945,Conflict and terrorism,1,Number,2017,17527.99628246258,18607.133386878824,16586.86509669411
1,Deaths,44563,African Region,3,Both,22,All Ages,945,Conflict and terrorism,2,Percent,2017,0.0023372892876901852,0.0025057726237498433,0.0021704846081979216
1,Deaths,44564,Region of the Americas,3,Both,22,All Ages,945,Conflict and terrorism,1,Number,2016,197.99999916152612,208.15602712728835,189.69668603101368
1,Deaths,44564,Region of the Americas,3,Both,22,All Ages,945,Conflict and terrorism,2,Percent,2016,2.9149712400062568e-05,3.064430467396857e-05,2.790182877305151e-05
1,Deaths,44567,Eastern Mediterranean Region,3,Both,22,All Ages,945,Conflict and terrorism,1,Number,2011,87123.26090406907,100031.50993389402,77042.00279821077
1,Deaths,44567,Eastern Mediterranean Region,3,Both,22,All Ages,945,Conflict and terrorism,2,Percent,2011,0.023708868185080632,0.027253869823440986,0.02078526561637429
1,Deaths,44564,Region of the Americas,3,Both,22,All Ages,945,Conflict and terrorism,1,Number,2012,767.000008118004,788.8300801757355,746.1720583809505
1,Deaths,44564,Region of the Americas,3,Both,22,All Ages,945,Conflict and terrorism,2,Percent,2012,0.0001228950980592067,0.0001263262569276822,0.00011959055027252949
1,Deaths,44565,South-East Asia Region,3,Both,22,All Ages,945,Conflict and terrorism,1,Number,2016,2557.82119327869,2582.1428147557845,2534.9740971357432
1,Deaths,44565,South-East Asia Region,3,Both,22,All Ages,945,Conflict and terrorism,2,Percent,2016,0.00018647214559311235,0.00018953614270105656,0.0001833645229033738
1,Deaths,44565,South-East Asia Region,3,Both,22,All Ages,945,Conflict and terrorism,1,Number,2012,2707.017170015744,2741.552906901697,2669.802463423461
1,Deaths,44565,South-East Asia Region,3,Both,22,All Ages,945,Conflict and terrorism,2,Percent,2012,0.00020537823073235595,0.00020892113686482849,0.000201945313673368
1,Deaths,44566,European Region,3,Both,22,All Ages,945,Conflict and terrorism,1,Number,2015,4675.425009648406,4768.109320232514,4586.632390034725
1,Deaths,44566,European Region,3,Both,22,All Ages,945,Conflict and terrorism,2,Percent,2015,0.0005041695819314178,0.0005142256943155099,0.0004940891418816856
1,Deaths,44568,Western Pacific Region,3,Both,22,All Ages,945,Conflict and terrorism,1,Number,2014,1695.3732577426351,1806.9561026996814,1583.8281536495251
1,Deaths,44568,Western Pacific Region,3,Both,22,All Ages,945,Conflict and terrorism,2,Percent,2014,0.00012947657306621368,0.00013809296811566232,0.0001209859198709389
1,Deaths,44567,Eastern Mediterranean Region,3,Both,22,All Ages,945,Conflict and terrorism,1,Number,2015,121193.93006832931,135411.7251129931,109916.34646127406
1,Deaths,44567,Eastern Mediterranean Region,3,Both,22,All Ages,945,Conflict and terrorism,2,Percent,2015,0.03179565567555785,0.035538142304608264,0.028697618006059425
